{"cameraMode":{"drawMode":0,"name":"Shaded","section":"Shading Mode"},"sceneLighting":false,"audioPlay":false,"sceneViewState":{"m_AlwaysRefresh":false,"showFog":true,"showSkybox":false,"showFlares":true,"showImageEffects":true,"showParticleSystems":true,"showVisualEffectGraphs":true,"m_FxEnabled":true},"in2DMode":false,"pivot":{"x":0.37000012397766116,"y":0.10999903827905655,"z":-3.2899999618530275},"rotation":{"x":0.2511497437953949,"y":0.3245837390422821,"z":-0.08983117341995239,"w":0.9074701070785523},"size":2.130728006362915,"orthographic":false}