{"cameraMode":{"drawMode":0,"name":"Shaded","section":"Shading Mode"},"sceneLighting":true,"audioPlay":false,"sceneViewState":{"m_AlwaysRefresh":false,"showFog":true,"showSkybox":true,"showFlares":true,"showImageEffects":true,"showParticleSystems":true,"showVisualEffectGraphs":true,"m_FxEnabled":true},"in2DMode":false,"pivot":{"x":-0.19168639183044434,"y":15.809999465942383,"z":6.729997634887695},"rotation":{"x":0.2511497437953949,"y":0.3245837390422821,"z":-0.08983117341995239,"w":0.9074701070785523},"size":2.702838659286499,"orthographic":false}