{"cameraMode":{"drawMode":0,"name":"Shaded","section":"Shading Mode"},"sceneLighting":true,"audioPlay":false,"sceneViewState":{"m_AlwaysRefresh":false,"showFog":true,"showSkybox":true,"showFlares":true,"showImageEffects":true,"showParticleSystems":true,"showVisualEffectGraphs":true,"m_FxEnabled":true},"in2DMode":false,"pivot":{"x":8.63359260559082,"y":2.7565650939941408,"z":-5.6301116943359379},"rotation":{"x":0.020220443606376649,"y":0.7256277203559876,"z":-0.021349072456359865,"w":0.6874706745147705},"size":10.341272354125977,"orthographic":true}