{"cameraMode":{"drawMode":0,"name":"Shaded","section":"Shading Mode"},"sceneLighting":false,"audioPlay":false,"sceneViewState":{"m_AlwaysRefresh":false,"showFog":true,"showSkybox":false,"showFlares":true,"showImageEffects":true,"showParticleSystems":true,"showVisualEffectGraphs":true,"m_FxEnabled":true},"in2DMode":false,"pivot":{"x":-0.0006436705589294434,"y":0.2786545753479004,"z":0.0031107068061828615},"rotation":{"x":0.10428863018751145,"y":0.6263806223869324,"z":-0.08507679402828217,"w":0.7678126692771912},"size":1.3885242938995362,"orthographic":false}